feature_id	role	category	path	lines	bytes	sha256	public_or_runtime_entry	notes
author:CHANGELOG_MD	author	root	CHANGELOG.md	7	297	03695be536e1102361fbab38468f00842451594a5c6f212c7035a3dd932fd8bc	False	配布・検証資産
author:INSTALL_MD	author	root	INSTALL.md	12	507	18e9d4e0c32ce4ae588faf1569964144dc215fd5870b8c442195995f4a9b84f4	True	公開入口または実行資産
author:MANIFEST_TXT	author	root	MANIFEST.txt	27	862	a8a1481f5a9acfc70fa4aa80f4c1068ec4abd5d886c3cde49e054835e0cd58be	False	配布・検証資産
author:README_MD	author	root	README.md	9	731	98074ca5244bd112dea5e02016d716902385bab8a2c22d3dbaeb3d83863f673e	True	公開入口または実行資産
author:SKILL_MD	author	root	SKILL.md	52	3310	37bf448e667876a71b55a4aed9554c5e0df83c6b58ec2f89ff813bd0db8e01a5	True	公開入口または実行資産
author:INIT_PY	author	root	__init__.py	1	52	560b271fc7de6f3cae3b832450b6aa06020e5e1258ef3e2a4b0f46f683ceceef	False	配布・検証資産
author:EVALS_EVALS_JSON	author	evals	evals/evals.json	12	959	7f4b78646cc17f93b941cdf2b01696e21cf38668a48da2fe00464f277e2989d9	False	配布・検証資産
author:EXAMPLES_ACCEPTED_CYCLES_CYCLE_01_AUTHOR_RESPONSE_MD	author	examples	examples/accepted/cycles/cycle-01-author-response.md	18	357	af623b1d9dadacd2a5c1f6250fa1bfb4a4e5ec9ca2de46a06d0de66f33c6df15	False	配布・検証資産
author:EXAMPLES_ACCEPTED_EVENTS_JSONL	author	examples	examples/accepted/events.jsonl	1	126	3d487e8c2de91e9f75b561b1c76f9eee1d3a8d27a134c4f89aac54410d8e16c2	False	配布・検証資産
author:EXAMPLES_ACCEPTED_FINDINGS_YAML	author	examples	examples/accepted/findings.yaml	5	120	f70ab6b4100df3aeec0400e3f45f08d1ebe7d2f292b561c4ab01911823a01817	False	配布・検証資産
author:EXAMPLES_ACCEPTED_HANDOFF_MD	author	examples	examples/accepted/handoff.md	8	162	ea67b88248edcb09966648f487ee42b3ff6a8b914a071ebb5045cf68a786893a	False	配布・検証資産
author:EXAMPLES_ACCEPTED_REVIEW_MD	author	examples	examples/accepted/review.md	8	119	65c6a23875b73384aeef80c977147c62fbe6c29b1215b454deea161736cbb539	False	配布・検証資産
author:EXAMPLES_FIX_SUBMITTED_CYCLES_CYCLE_01_AUTHOR_RESPONSE_MD	author	examples	examples/fix-submitted/cycles/cycle-01-author-response.md	18	318	7c71120199be9e58e5f13ab8875992a1c1d5cf56db56a853d49236a5b4452eec	False	配布・検証資産
author:EXAMPLES_FIX_SUBMITTED_EVENTS_JSONL	author	examples	examples/fix-submitted/events.jsonl	1	176	f046195035802d29b7af5b2f58029e1ca454da4b6ca4599fea130f5527f1106e	False	配布・検証資産
author:EXAMPLES_FIX_SUBMITTED_FINDINGS_YAML	author	examples	examples/fix-submitted/findings.yaml	5	130	c37912ddd04ef08c59e2bd99118e2ca170bc817045fa3eb582c9b0abf8e4de84	False	配布・検証資産
author:EXAMPLES_FIX_SUBMITTED_HANDOFF_MD	author	examples	examples/fix-submitted/handoff.md	8	162	3c594c9f2fc7ea2d098266b0dae058d3fe02578868ed89763de23965609f2738	False	配布・検証資産
author:EXAMPLES_FIX_SUBMITTED_REVIEW_MD	author	examples	examples/fix-submitted/review.md	8	119	7cfcaaf73f3c6e6af83fc000ac19ec7bbedb4218b29e7dd38cf16d2e8d3c9b25	False	配布・検証資産
author:EXAMPLES_REJECTED_WITH_EVIDENCE_CYCLES_CYCLE_01_AUTHOR_RESPONSE_MD	author	examples	examples/rejected-with-evidence/cycles/cycle-01-author-response.md	18	334	40ddae9c7bc0520d1e7c410791229669399642c390886bc62ddd063aeb6227eb	False	配布・検証資産
author:EXAMPLES_REJECTED_WITH_EVIDENCE_EVENTS_JSONL	author	examples	examples/rejected-with-evidence/events.jsonl	1	126	80a3b2bce850f4f88610624829b848450ceae50092ece443c380ca6e25571a67	False	配布・検証資産
author:EXAMPLES_REJECTED_WITH_EVIDENCE_FINDINGS_YAML	author	examples	examples/rejected-with-evidence/findings.yaml	5	113	4f834e1f375e98f55990bb2a44bc9971de8d0b77ccf403b8660da8402b8a2419	False	配布・検証資産
author:EXAMPLES_REJECTED_WITH_EVIDENCE_HANDOFF_MD	author	examples	examples/rejected-with-evidence/handoff.md	8	162	48c8fd4f664dc0d1effe1455299cf82ac5d98b618671c91f703700f8334b1461	False	配布・検証資産
author:EXAMPLES_REJECTED_WITH_EVIDENCE_REVIEW_MD	author	examples	examples/rejected-with-evidence/review.md	8	119	7688a94692858629bf3cdf044d564e10896a02ed1eb54a51376e4c5c2d286843	False	配布・検証資産
author:PYPROJECT_TOML	author	root	pyproject.toml	12	325	f6bccee858cf798e3e903a001a11e070b8f3e433f37d0a9f6f9de468854cc81d	False	配布・検証資産
author:REFERENCES_DISPOSITION_POLICY_MD	author	references	references/disposition-policy.md	12	594	99f2a17aebc50015aea19468b486b4a3cb003d5f5bf0047afe068ecd8697480b	False	配布・検証資産
author:REFERENCES_SECURITY_MD	author	references	references/security.md	5	503	319d044f9c4b7f6523f6eab10b405f12961e4f7f917fe7afc365f2cba2566093	False	配布・検証資産
author:REFERENCES_STATE_TRANSITION_POLICY_MD	author	references	references/state-transition-policy.md	5	410	46046747533a4b428fbab79d42d8f86d65c5b49ea2ca2461c0a83bd7f2dc2de2	False	配布・検証資産
author:SCRIPTS_INIT_PY	author	scripts	scripts/__init__.py	1	82	d00a3d38749bd876d6d30c6dbc8962102c0612008c4ea233951ba968a366ef8f	True	公開入口または実行資産
author:SCRIPTS_EXECUTION_POLICY_PY	author	scripts	scripts/execution_policy.py	31	905	ca181d60f3b60269ab8d2cbe4e243b9e12d20fc84d399928ae0e443c1f2e0663	True	公開入口または実行資産
author:SCRIPTS_SUBMISSION_STORE_PY	author	scripts	scripts/submission_store.py	57	2240	d4e867050ee6605f9d12117da90e3480485ff9948ac3651fb13f1576a69cd1c8	True	公開入口または実行資産
author:SCRIPTS_VALIDATE_AUTHOR_RESPONSE_PY	author	scripts	scripts/validate_author_response.py	148	6422	8d3ba31ff584d1988e2c4c7b0c20d2618edc048c50f5cd41b292d4fbaa3d8d0e	True	公開入口または実行資産
author:TESTS_TEST_AUTHOR_RESPONSE_PY	author	tests	tests/test_author_response.py	65	2648	10bee95ebed1aa055019d74f9012ce2fa84d67c8df90f9766256c7577b46266a	False	配布・検証資産
author:TESTS_TEST_EXECUTION_POLICY_PY	author	tests	tests/test_execution_policy.py	61	1733	5c1bb675390ee0746587bc340bd7092d72007d99dc7ec72838170f92af432154	False	配布・検証資産
author:TESTS_TEST_HANDOFF_SUBMISSION_PY	author	tests	tests/test_handoff_submission.py	59	1901	80d0639fff6a9eb78f214463ece220fd1e87be45f2666b864f116ecb0e00fc66	False	配布・検証資産
author:TESTS_TEST_SUBMISSION_STORE_PY	author	tests	tests/test_submission_store.py	45	1459	189082a7e21f25dd1fe46e896ecfc2ea01d996c3c36828322408e9f6616414c9	False	配布・検証資産
reviewer:CHANGELOG_MD	reviewer	root	CHANGELOG.md	21	964	a9ce9384441481c591d83f72041ea5375d50d718a00f45d0d5e78f7585c84ef2	False	配布・検証資産
reviewer:INSTALL_MD	reviewer	root	INSTALL.md	32	1121	1c91e20b1d4796b771f1b8f078e00385e0fdbb92818c6df3d709a1f74e7ef749	True	公開入口または実行資産
reviewer:MANIFEST_TXT	reviewer	root	MANIFEST.txt	62	1923	74f0682e2c5678b7c86037e36220a2130342abb40aa8f7f7bd51de375c01957e	False	配布・検証資産
reviewer:README_MD	reviewer	root	README.md	107	4468	43c2c2b14df0a937c3c6ba07357021088ca913b25d716a872174a3d8b331cb15	True	公開入口または実行資産
reviewer:SKILL_MD	reviewer	root	SKILL.md	280	13322	803bd9f83c927ae87858688ecbe51bc6724f334b426d08dd65706c374842b8b3	True	公開入口または実行資産
reviewer:INIT_PY	reviewer	root	__init__.py	1	45	692ea54ff8a171f191d0426a82dbdae59a2735194abdf070386c73dfddb1f641	False	配布・検証資産
reviewer:ADAPTERS_GENERIC_SDD_MD	reviewer	adapters	adapters/generic-sdd.md	22	821	949c151b0986c4745782d8c36fcdb832d642f6fbb4bfb1dca1d53027e79f27f5	False	配布・検証資産
reviewer:ADAPTERS_OPENSPEC_MD	reviewer	adapters	adapters/openspec.md	31	1162	15f4de693ef0ae8b3f219f6f7b204ad0ba48a3deb535d6dbd63eb5695392b8a3	False	配布・検証資産
reviewer:ADAPTERS_SPEC_KIT_MD	reviewer	adapters	adapters/spec-kit.md	24	985	85d142ad3f0216dbc0b62accf066fd970f10eae2b9fb8bb50b35671e2193b5fd	False	配布・検証資産
reviewer:EVALS_EVALS_JSON	reviewer	evals	evals/evals.json	25	1871	2762eff74f77e06f5aafebd8a603c8547a17a5fbe688b5f1c246a3cba0a96d2b	False	配布・検証資産
reviewer:EVALS_EVALUATION_20260825_MD	reviewer	evals	evals/evaluation-20260825.md	33	1859	3c6d3ed4630cebf8ecff2ae83a7a779c8a7c4676cfb3cc366f3009827c7a79d9	False	配布・検証資産
reviewer:EXAMPLES_MULTI_CYCLE_CYCLES_CYCLE_01_AUTHOR_RESPONSE_MD	reviewer	examples	examples/multi-cycle/cycles/cycle-01-author-response.md	3	126	6cfca3091c040a2ef705c476586bca648149ffc686dba2b26d9ee916cf38084a	False	配布・検証資産
reviewer:EXAMPLES_MULTI_CYCLE_CYCLES_CYCLE_01_INDEPENDENT_REVIEW_MD	reviewer	examples	examples/multi-cycle/cycles/cycle-01-independent-review.md	3	108	def356cb77a653fe6132bab2cc07632448b417384a5c4c0f2822e4ab1db29b5d	False	配布・検証資産
reviewer:EXAMPLES_MULTI_CYCLE_CYCLES_CYCLE_01_VERIFICATION_MD	reviewer	examples	examples/multi-cycle/cycles/cycle-01-verification.md	3	155	5bfe972279931b33152253f6f4edc652516f3172e41927eab60f8076dd8430a8	False	配布・検証資産
reviewer:EXAMPLES_MULTI_CYCLE_CYCLES_CYCLE_02_INDEPENDENT_REVIEW_MD	reviewer	examples	examples/multi-cycle/cycles/cycle-02-independent-review.md	5	175	2f529d482042cb4cc66b9fa5f162b6c94c27ee2ba3ca034e8954a3dc601d4ac8	False	配布・検証資産
reviewer:EXAMPLES_MULTI_CYCLE_EVENTS_JSONL	reviewer	examples	examples/multi-cycle/events.jsonl	5	963	12f63cf8de44c340d8baa34f1ad490a32591a247458d418f8cab5caf38ae16a6	False	配布・検証資産
reviewer:EXAMPLES_MULTI_CYCLE_FINDINGS_YAML	reviewer	examples	examples/multi-cycle/findings.yaml	44	1544	5b662241a0ea2fefaaecd7e44084107a7ad152c0cb0cf40f7e0d50f81eec6dec	False	配布・検証資産
reviewer:EXAMPLES_MULTI_CYCLE_HANDOFF_MD	reviewer	examples	examples/multi-cycle/handoff.md	50	2105	5ce1c69cbeb324ff065651f8c262ed065834ef236316a50fe3e55ce92ae57dcd	False	配布・検証資産
reviewer:EXAMPLES_MULTI_CYCLE_REVIEW_MD	reviewer	examples	examples/multi-cycle/review.md	44	1030	1e376655e404f3f019e02417a325a66398311b54bfa0a386ab3ce89ecfc3b796	False	配布・検証資産
reviewer:EXAMPLES_MULTI_CYCLE_TRACEABILITY_YAML	reviewer	examples	examples/multi-cycle/traceability.yaml	22	992	96fc4a31f35bbb236932a0b3d4e63626b4d25d83985e38432baccf7b05808670	False	配布・検証資産
reviewer:EXAMPLES_SINGLE_CYCLE_CYCLES_CYCLE_01_AUTHOR_RESPONSE_MD	reviewer	examples	examples/single-cycle/cycles/cycle-01-author-response.md	17	365	04540071daa228ca8096a20f3846d7502cff02b27b28f6241ea3b848f3066c5c	False	配布・検証資産
reviewer:EXAMPLES_SINGLE_CYCLE_CYCLES_CYCLE_01_INDEPENDENT_REVIEW_MD	reviewer	examples	examples/single-cycle/cycles/cycle-01-independent-review.md	16	385	bd9c28bd175dc3aacec8174bcae90ae311996cb819c85831f0abba520b21aebd	False	配布・検証資産
reviewer:EXAMPLES_SINGLE_CYCLE_CYCLES_CYCLE_01_VERIFICATION_MD	reviewer	examples	examples/single-cycle/cycles/cycle-01-verification.md	17	364	6867dc46d9561f3a714cc675f255e8efe58013f7daa6bc11584b3c188875137b	False	配布・検証資産
reviewer:EXAMPLES_SINGLE_CYCLE_EVENTS_JSONL	reviewer	examples	examples/single-cycle/events.jsonl	4	756	6976d7ea001df317f949ce404e39e1d11bf5adef7be1a67c525b8cb7c507b68f	False	配布・検証資産
reviewer:EXAMPLES_SINGLE_CYCLE_FINDINGS_YAML	reviewer	examples	examples/single-cycle/findings.yaml	29	945	7353ebe4dc4fdb154edad4617a45b49840c140b6d5350297a90a296909d781ea	False	配布・検証資産
reviewer:EXAMPLES_SINGLE_CYCLE_HANDOFF_MD	reviewer	examples	examples/single-cycle/handoff.md	50	1968	58f713c6f5aaeaf94f28e9995eee895745d4175781ab5115cafa13ea5448ba0c	False	配布・検証資産
reviewer:EXAMPLES_SINGLE_CYCLE_REVIEW_MD	reviewer	examples	examples/single-cycle/review.md	48	1044	5578b04ac08e41a7458f02042fdf4c7e777c760398a33e1dce0812fbacfe980e	False	配布・検証資産
reviewer:EXAMPLES_SINGLE_CYCLE_TRACEABILITY_YAML	reviewer	examples	examples/single-cycle/traceability.yaml	22	669	bf388543fb2a95979f67d76c9e89bee75e945e74b0d4e7163cc2d855f870bc26	False	配布・検証資産
reviewer:INTEGRATIONS_GITHUB_ACTIONS_EXAMPLE_YML	reviewer	integrations	integrations/github-actions.example.yml	21	602	03a5dd572ef02c4845f444e7f41b65c041a545be7ff61d33ffa652bc4ad08b3c	False	配布・検証資産
reviewer:INTEGRATIONS_PRE_COMMIT_EXAMPLE_YAML	reviewer	integrations	integrations/pre-commit.example.yaml	15	666	d97507c3c0bbcba44ffdccf027c8370d4127f4d9fc8cf8fd90f685840b772250	False	配布・検証資産
reviewer:PYPROJECT_TOML	reviewer	root	pyproject.toml	12	307	d0757f75aa91993dddc5db7091bb5b34c01ed65431667f396a516409f12dfe9f	False	配布・検証資産
reviewer:REFERENCES_AGENT_SEPARATION_MD	reviewer	references	references/agent-separation.md	54	1369	f5b0e41876d0e9858e860b934ceb66ab17e6e228988375d9eee4f6db83a6e4fd	False	配布・検証資産
reviewer:REFERENCES_CYCLE_MANAGEMENT_MD	reviewer	references	references/cycle-management.md	43	1020	42984f3520e9631e3b5294407deb4e795a1fa4063dc7414ab637c03f6980d32b	False	配布・検証資産
reviewer:REFERENCES_EVIDENCE_EVALUATION_MD	reviewer	references	references/evidence-evaluation.md	43	1671	68279cfd25c5762c140b6c87f6b58f13047f1a8b80a777ddd872670306c24a54	False	配布・検証資産
reviewer:REFERENCES_FINDING_TAXONOMY_MD	reviewer	references	references/finding-taxonomy.md	107	3566	d5e99db80d2901286e1fe9c8c3883419aa543837c89d9dc6b356642df3b2a92b	False	配布・検証資産
reviewer:REFERENCES_QA_PRINCIPLES_MD	reviewer	references	references/qa-principles.md	80	3849	157173ff3d07d0a79fa36ac1861e17e6143dbfed97d63a6624f6477cf18c78e0	False	配布・検証資産
reviewer:REFERENCES_RISK_PROFILES_MD	reviewer	references	references/risk-profiles.md	82	2978	c0b5fd606ad912ff10b0e10cc0798fa0aaa10c20d3fbc606a0b785e62a39ea85	False	配布・検証資産
reviewer:REFERENCES_SECURITY_MD	reviewer	references	references/security.md	35	1110	dc9ce92b44430979f8b1bd1dd730467e3f3ae0cf74de68e2905b974fb14e9632	False	配布・検証資産
reviewer:REFERENCES_TRACEABILITY_RULES_MD	reviewer	references	references/traceability-rules.md	56	1398	088ab3f7380160d4c54ff36af5359ee51473d418fd4551ac567e318969c3fd97	False	配布・検証資産
reviewer:REFERENCES_WORKFLOW_STATE_MACHINE_MD	reviewer	references	references/workflow-state-machine.md	64	1519	9203babc49ea554e6ca2c2c844ad7cb22bca9eaff2df7505828e0af5b6701bbf	False	配布・検証資産
reviewer:SCHEMAS_CONTRACT_V1_2_SCHEMA_JSON	reviewer	schemas	schemas/contract-v1.2.schema.json	63	2191	4d965e93467a39e4ac8cea0f225e3d4fe03df1f73139e594c8de7dbeb241ad75	False	配布・検証資産
reviewer:SCHEMAS_EVENT_SCHEMA_JSON	reviewer	schemas	schemas/event.schema.json	43	707	bb5548fc94834a1dc84c3899cc08eda036ea6fc5ab7832f93abbb865daf606dc	False	配布・検証資産
reviewer:SCHEMAS_EVIDENCE_SCHEMA_JSON	reviewer	schemas	schemas/evidence.schema.json	38	1469	9abedc519fd9a20684365d8144793f825610812a8d5fdd9db11b954671d974f6	False	配布・検証資産
reviewer:SCHEMAS_FINDINGS_SCHEMA_JSON	reviewer	schemas	schemas/findings.schema.json	89	2128	a3ef80c736df09a2dc43a90ebcaeca7c7576d73cd6c9ef57b0c9388d0335021e	False	配布・検証資産
reviewer:SCHEMAS_HANDOFF_SCHEMA_JSON	reviewer	schemas	schemas/handoff.schema.json	18	803	a2784d97c3988e083c828efbd1d11670268143327d5aad0e26877ff1565702e5	False	配布・検証資産
reviewer:SCHEMAS_REVIEW_CASE_SCHEMA_JSON	reviewer	schemas	schemas/review-case.schema.json	60	1121	6646cebd834bf0d78c9e8b55ee8054a1e5d658aa30948ae6d29c1a03c30343fa	False	配布・検証資産
reviewer:SCHEMAS_TRACEABILITY_SCHEMA_JSON	reviewer	schemas	schemas/traceability.schema.json	46	884	6ca4e55f4e52ba9a51f0387927c7e58af4fe9dd1e46c18c31755f7a44430bb5f	False	配布・検証資産
reviewer:SCRIPTS_INIT_PY	reviewer	scripts	scripts/__init__.py	1	75	b4f04ff1cc487be0746c826539c427a9c6820bebbe709a5866f25bc0283781f3	True	公開入口または実行資産
reviewer:SCRIPTS_APPEND_EVENT_PY	reviewer	scripts	scripts/append_event.py	38	1243	6d2ccc7b843cc5c84b81f7cfc7bbbf335522c7205111d0088285502d815dd4d7	True	公開入口または実行資産
reviewer:SCRIPTS_CLI_JSON_PY	reviewer	scripts	scripts/cli_json.py	27	760	bda13f1ffe59bd62c8e9a7cdf105a7afe4b571e946afb280032711270dfb007f	True	公開入口または実行資産
reviewer:SCRIPTS_CLOSE_REVIEW_CASE_PY	reviewer	scripts	scripts/close_review_case.py	44	1397	89209d81a3e234768b2c288b70b7e87061920a812702edb9dccdc623b997f1c5	True	公開入口または実行資産
reviewer:SCRIPTS_COMMON_PY	reviewer	scripts	scripts/common.py	137	4703	8c8acdcd0aaadc84a4bc115f3355053d196fca791176f6639253478eed20434d	True	公開入口または実行資産
reviewer:SCRIPTS_CREATE_REVIEW_CASE_PY	reviewer	scripts	scripts/create_review_case.py	81	3110	0e4163cb006d0dc889a2dd3eef435b541c7e87270cea0d091c8dbefc93378d15	True	公開入口または実行資産
reviewer:SCRIPTS_CYCLE_LIMIT_PY	reviewer	scripts	scripts/cycle_limit.py	29	814	cc2582989a8aa5ae99c55addebd60aa670e2357ae73edd351ee4757635ffbf32	True	公開入口または実行資産
reviewer:SCRIPTS_DETECT_UNRESOLVED_MARKERS_PY	reviewer	scripts	scripts/detect_unresolved_markers.py	59	2005	c6582ae68ecdac9006e482792adb0b6a3c15195154b9cb2c6e6a4d8ab04b772f	True	公開入口または実行資産
reviewer:SCRIPTS_DIGEST_PY	reviewer	scripts	scripts/digest.py	71	1872	b977350557593e0639be48bd5077bb1fda61a731c8ef2582830b9efb7b89fa5b	True	公開入口または実行資産
reviewer:SCRIPTS_EVIDENCE_PY	reviewer	scripts	scripts/evidence.py	63	2778	fd9bfe64cfe3b1040e3697201b4b7323af758f4e3aaf57c58017e59a5364d2ff	True	公開入口または実行資産
reviewer:SCRIPTS_FRESHNESS_PY	reviewer	scripts	scripts/freshness.py	64	2175	7391f878522f8a9db7a9b494d0815c9511b8fe2b0ae00025bbefbc65720d6148	True	公開入口または実行資産
reviewer:SCRIPTS_LEGACY_ADAPTER_PY	reviewer	scripts	scripts/legacy_adapter.py	39	1358	ada11ef019ed3eeaa622069c17f0bc833a54dd9fea3d622776fec213bfd2cb96	True	公開入口または実行資産
reviewer:SCRIPTS_LINK_VALIDATOR_PY	reviewer	scripts	scripts/link_validator.py	25	1146	c9e962e3ca3cd91032745815c0e2cc8096a991838adeef413f0b254421f9556d	True	公開入口または実行資産
reviewer:SCRIPTS_OPENSPEC_BRIDGE_PY	reviewer	scripts	scripts/openspec_bridge.py	31	1112	61e0a788c1e03d1902170cf92a36caa65c18611a135deaabe1d6b51fd38a09bb	True	公開入口または実行資産
reviewer:SCRIPTS_RENDER_HANDOFF_PY	reviewer	scripts	scripts/render_handoff.py	188	8209	4e817cdfa02bfa4970779f865e2bf5d261c565ce55d435e95932c9cb4ca7ecf8	True	公開入口または実行資産
reviewer:SCRIPTS_SECRET_GUARD_PY	reviewer	scripts	scripts/secret_guard.py	29	918	e054b4b70f1159cdbebe10900db9d67807acc9d3cb4d10b3dbffcd8597d53f96	True	公開入口または実行資産
reviewer:SCRIPTS_STATE_MACHINE_PY	reviewer	scripts	scripts/state_machine.py	64	2403	d4c94d8322f34e58e6bf2c53d177cc2cbe2be4413b6fc539354ee731911f72fd	True	公開入口または実行資産
reviewer:SCRIPTS_SUBMISSION_VALIDATOR_PY	reviewer	scripts	scripts/submission_validator.py	57	2506	e065f363bf1a53c4d124e01875bfec8cc7dcaabd9e43d4cc11c8a24da8c7da55	True	公開入口または実行資産
reviewer:SCRIPTS_TERMINAL_RECORD_PY	reviewer	scripts	scripts/terminal_record.py	35	1146	658837aa07a03853ff20bceaf93b32afafd453f0790c8cc3440f5454ccb7b4db	True	公開入口または実行資産
reviewer:SCRIPTS_UPDATE_REVIEW_SUMMARY_PY	reviewer	scripts	scripts/update_review_summary.py	65	2679	e903dbf2ee3ebffb8dba219e27ec93f210a508594e899426ad267a5bc0174fd7	True	公開入口または実行資産
reviewer:SCRIPTS_VALIDATE_CONTRACT_V1_2_PY	reviewer	scripts	scripts/validate_contract_v1_2.py	109	4830	791852b97bacb4e7119ec5ce86f164ec56eca4764194923d56a8268ae54fc23b	True	公開入口または実行資産
reviewer:SCRIPTS_VALIDATE_HANDOFF_CONTRACT_PY	reviewer	scripts	scripts/validate_handoff_contract.py	42	1944	baf0c1eeb8407e7e963347036631a79378642f97490d4f4a5f8a9350f3213cd6	True	公開入口または実行資産
reviewer:SCRIPTS_VALIDATE_HANDOFF_ORIGIN_PY	reviewer	scripts	scripts/validate_handoff_origin.py	18	671	f687749737a1d5e1665b0e66adfe5cd2a1424c9ecdb105397be24fee10035ca4	True	公開入口または実行資産
reviewer:SCRIPTS_VALIDATE_REVIEW_CASE_PY	reviewer	scripts	scripts/validate_review_case.py	150	6455	d95393b529ccf0fe5d53250ed972fefa6d79b872c112cdbabf0d07624aa11d35	True	公開入口または実行資産
reviewer:TEMPLATES_AUTHOR_RESPONSE_MD	reviewer	templates	templates/author-response.md	41	759	08ce81d169dfe3aee216f010fbdf0e72ab9d11ba0a16a48938049c48a59cefc1	True	公開入口または実行資産
reviewer:TEMPLATES_EVENTS_JSONL	reviewer	templates	templates/events.jsonl	1	184	bf840b8348144f1d5ffa63770a850ed20047a9efa4a98b1dd23aeedbd1c4b5ea	True	公開入口または実行資産
reviewer:TEMPLATES_FINDINGS_YAML	reviewer	templates	templates/findings.yaml	34	986	34e9c6c20d6b31edbebe3ba9d2446b42d5d1cb33a6e92321e51db61346c2344a	True	公開入口または実行資産
reviewer:TEMPLATES_HANDOFF_MD	reviewer	templates	templates/handoff.md	50	2049	a42da999b61b22c92ea4a40757e40447853b7bcd34c0096ee81c5474aae7d9cc	True	公開入口または実行資産
reviewer:TEMPLATES_INDEPENDENT_REVIEW_MD	reviewer	templates	templates/independent-review.md	47	996	2f3c7a831f1e27cfa14138eada47eba5fde5f7f453b8c13ac3e65114e83e4da2	True	公開入口または実行資産
reviewer:TEMPLATES_PURPOSE_YAML	reviewer	templates	templates/purpose.yaml	11	295	2d53c1ee916e32b487bd8c15ededddcece2fcf6d822d80df0894bf41a71f0ac0	True	公開入口または実行資産
reviewer:TEMPLATES_REVIEW_CASE_MD	reviewer	templates	templates/review-case.md	105	2056	9054b79f2f9c275c6f92a55b7b38045d05ce3e05c374b46163917b55b1e8cd18	True	公開入口または実行資産
reviewer:TEMPLATES_REVIEWER_VERIFICATION_MD	reviewer	templates	templates/reviewer-verification.md	34	733	54fc7c573335b5186d5342d21df612c6062a19b7eaa45a71585903f3b9ad6ba3	True	公開入口または実行資産
reviewer:TEMPLATES_TRACEABILITY_YAML	reviewer	templates	templates/traceability.yaml	19	514	2221169b028c3237bd3c23f043ebf55890eafe9de327018206b4358ed6aed868	True	公開入口または実行資産
reviewer:TESTS_TEST_CLI_JSON_PY	reviewer	tests	tests/test_cli_json.py	36	1113	9a813267c3c0081375003619e10838d6f565d548e5a5746fce665ed1728144bf	False	配布・検証資産
reviewer:TESTS_TEST_CONTRACT_V1_2_PY	reviewer	tests	tests/test_contract_v1_2.py	48	1477	e630f8c07df3a860c618645f6b2b10ac7530051f3ccafb34ec89c1ef1a9eb82f	False	配布・検証資産
reviewer:TESTS_TEST_CYCLE_LIMIT_PY	reviewer	tests	tests/test_cycle_limit.py	29	847	10ad1d2706fba54ca969b5c2176d196ac4d180c56468497505141ffc55a9252f	False	配布・検証資産
reviewer:TESTS_TEST_DIGEST_PY	reviewer	tests	tests/test_digest.py	75	2592	61cca3b9b8b24a708bd7a305b5dc7a0b716336281083ffcc1c44554ecde2c80f	False	配布・検証資産
reviewer:TESTS_TEST_EVIDENCE_PY	reviewer	tests	tests/test_evidence.py	56	1747	2b1c084a2679a67901a3f442cd0ca6f22bf629e27ee22144ff841f1c3f77c379	False	配布・検証資産
reviewer:TESTS_TEST_FRESHNESS_PY	reviewer	tests	tests/test_freshness.py	81	2421	6d2797c69a548d1f9dcdb08d3287b2953ec748c6ea3ddab9d3928c3dbd3d27f2	False	配布・検証資産
reviewer:TESTS_TEST_HANDOFF_CONTRACT_PY	reviewer	tests	tests/test_handoff_contract.py	46	1793	6943440316456b41d0cb8a4c4f093b4409fb79828da2664635e7814a1f2ba27b	False	配布・検証資産
reviewer:TESTS_TEST_HANDOFF_VALIDATOR_PY	reviewer	tests	tests/test_handoff_validator.py	47	1775	0be540db3f4c91aa160ea3c4e2fbaeb5f71ad9663a46248c52e744eb5820df1e	False	配布・検証資産
reviewer:TESTS_TEST_LEGACY_ADAPTER_PY	reviewer	tests	tests/test_legacy_adapter.py	39	1256	3b9f58ea48a6427aaab65b53d54673368555f6da9b337f9d030ebb1219ca6b2f	False	配布・検証資産
reviewer:TESTS_TEST_LINK_VALIDATOR_PY	reviewer	tests	tests/test_link_validator.py	22	868	b9c90a415a28593ecb0e45a585c6603ead3582e33606d58280a0db14743919f7	False	配布・検証資産
reviewer:TESTS_TEST_OPENSPEC_BRIDGE_PY	reviewer	tests	tests/test_openspec_bridge.py	30	1274	826b7f85b2327dbe19936066dbb91e24c7884647f083e41d438de3a506b11cd6	False	配布・検証資産
reviewer:TESTS_TEST_SECRET_GUARD_PY	reviewer	tests	tests/test_secret_guard.py	24	773	56972fb5a6d0efcd0b08762b73d5bc3491119024fa3a3562b0d193959a79863a	False	配布・検証資産
reviewer:TESTS_TEST_STATE_MACHINE_PY	reviewer	tests	tests/test_state_machine.py	50	1625	632fdbc25ee87af5bb2b9c29f3b8a58e5e03fbe0a0e7ab8a696faf493a99fe0f	False	配布・検証資産
reviewer:TESTS_TEST_SUBMISSION_VALIDATOR_PY	reviewer	tests	tests/test_submission_validator.py	78	2662	a650587adeb9922c81d578146f47ff4726eb0b51f840a93c6be164912012e524	False	配布・検証資産
reviewer:TESTS_TEST_TERMINAL_RECORD_PY	reviewer	tests	tests/test_terminal_record.py	42	1386	95e82c8184078a61a13bf62cb0b65645d5c160e4c0bbe3ac33b84e2a14d4e874	False	配布・検証資産
reviewer:TESTS_TEST_VALIDATION_PY	reviewer	tests	tests/test_validation.py	46	1594	7b464192b9348efb78975b85957b768be1a1ce6279e282ffee7803258a06743e	False	配布・検証資産
